{"data":{"14":{"type":"user_vo","name":"Vimeo - User","service":"vimeo","postType":"wpvr_video","status":"off","era":0,"wantedVideos":"12","wantedVideosBool":"custom","orderVideos":"relevance","onlyNewVideos":"on","getVideoStats":"off","getVideoTags":"off","autoPublish":"","postStatus":"draft","skipUnwanted":"both","startTime":"","endTime":"","hidePlayerRelated":"on","hidePlayerTitle":"on","hidePlayerAnnotations":"on","downloadThumb":"on","postAppend":"off","appendCustomText":"","count_test":"0","count_run":"0","count_success":"8","count_fail":0,"count_imported":"0","postCatsSlug":[],"postCats":null,"postAuthor":"1","postDate":"new","postTagsBool":"disabled","postTags":[],"schedule":"hourly","publishedAfter_delay":"24","publishedAfter_bool":"default","publishedAfter":"","publishedBefore_bool":"default","publishedBefore":"","havingViews":"","havingLikes":"","videoQuality":"any","videoBroadcast":"any","videoDuration":"any","postContent":"default","plugin_version":"1.9.30","searchTerm_yt":"","searchContextType_yt":"everywhere","searchContextChannel_yt":"","regionCode_yt":"","playlistId_yt":"","playlistIds_yt":"","channelId_yt":"","channelIds_yt":"","videoType_yt":"all","videoIds_yt":"","searchTerm_vo":"space+earth","groupId_vo":"motion","channelId_vo":"staffpicks","userId_vo":"derekmccoy","videoId_vo":"136531110","searchTerm_dm":"","regionCode_dm":"","playlistId_dm":"","channelId_dm":"","videoId_dm":"","sourceAuthor":"1","sourceDate":"2020-06-10 03:13:38","id":"14","scheduleDay":"monday","scheduleTime":"04H00","scheduleDate":"","folders":[]},"13":{"type":"group_vo","name":"Vimeo - Group","service":"vimeo","postType":"wpvr_video","status":"off","era":0,"wantedVideos":"12","wantedVideosBool":"custom","orderVideos":"relevance","onlyNewVideos":"on","getVideoStats":"off","getVideoTags":"off","autoPublish":"","postStatus":"draft","skipUnwanted":"both","startTime":"","endTime":"","hidePlayerRelated":"on","hidePlayerTitle":"on","hidePlayerAnnotations":"on","downloadThumb":"on","postAppend":"off","appendCustomText":"","count_test":"0","count_run":"0","count_success":"8","count_fail":0,"count_imported":"0","postCatsSlug":[],"postCats":null,"postAuthor":"1","postDate":"new","postTagsBool":"disabled","postTags":[],"schedule":"hourly","publishedAfter_delay":"24","publishedAfter_bool":"default","publishedAfter":"","publishedBefore_bool":"default","publishedBefore":"","havingViews":"","havingLikes":"","videoQuality":"any","videoBroadcast":"any","videoDuration":"any","postContent":"default","plugin_version":"1.9.30","searchTerm_yt":"","searchContextType_yt":"everywhere","searchContextChannel_yt":"","regionCode_yt":"","playlistId_yt":"","playlistIds_yt":"","channelId_yt":"","channelIds_yt":"","videoType_yt":"all","videoIds_yt":"","searchTerm_vo":"space+earth","groupId_vo":"motion","channelId_vo":"staffpicks","userId_vo":"derekmccoy","videoId_vo":"136531110","searchTerm_dm":"","regionCode_dm":"","playlistId_dm":"","channelId_dm":"","videoId_dm":"","sourceAuthor":"1","sourceDate":"2020-06-10 03:13:35","id":"13","scheduleDay":"monday","scheduleTime":"04H00","scheduleDate":"","folders":[]},"12":{"type":"channel_vo","name":"Vimeo - Channel","service":"vimeo","postType":"wpvr_video","status":"off","era":0,"wantedVideos":"12","wantedVideosBool":"custom","orderVideos":"relevance","onlyNewVideos":"on","getVideoStats":"off","getVideoTags":"off","autoPublish":"","postStatus":"draft","skipUnwanted":"both","startTime":"","endTime":"","hidePlayerRelated":"on","hidePlayerTitle":"on","hidePlayerAnnotations":"on","downloadThumb":"on","postAppend":"off","appendCustomText":"","count_test":"7","count_run":"0","count_success":"8","count_fail":0,"count_imported":"0","postCatsSlug":[],"postCats":null,"postAuthor":"1","postDate":"new","postTagsBool":"disabled","postTags":[],"schedule":"hourly","publishedAfter_delay":"24","publishedAfter_bool":"default","publishedAfter":"","publishedBefore_bool":"default","publishedBefore":"","havingViews":"","havingLikes":"","videoQuality":"any","videoBroadcast":"any","videoDuration":"any","postContent":"default","plugin_version":"1.9.30","searchTerm_yt":"","searchContextType_yt":"everywhere","searchContextChannel_yt":"","regionCode_yt":"","playlistId_yt":"","playlistIds_yt":"","channelId_yt":"","channelIds_yt":"","videoType_yt":"all","videoIds_yt":"","searchTerm_vo":"space+earth","groupId_vo":"motion","channelId_vo":"staffpicks","userId_vo":"derekmccoy","videoId_vo":"136531110","searchTerm_dm":"","regionCode_dm":"","playlistId_dm":"","channelId_dm":"","videoId_dm":"","sourceAuthor":"1","sourceDate":"2020-06-10 03:06:01","id":"12","scheduleDay":"monday","scheduleTime":"04H00","scheduleDate":"","folders":[]},"11":{"type":"search_vo","name":"Vimeo - Search","service":"vimeo","postType":"wpvr_video","status":"off","era":0,"wantedVideos":"12","wantedVideosBool":"custom","orderVideos":"relevance","onlyNewVideos":"on","getVideoStats":"off","getVideoTags":"off","autoPublish":"","postStatus":"draft","skipUnwanted":"both","startTime":"","endTime":"","hidePlayerRelated":"on","hidePlayerTitle":"on","hidePlayerAnnotations":"on","downloadThumb":"on","postAppend":"off","appendCustomText":"","count_test":"1","count_run":0,"count_success":"1","count_fail":0,"count_imported":0,"postCatsSlug":[],"postCats":null,"postAuthor":"1","postDate":"new","postTagsBool":"disabled","postTags":[],"schedule":"hourly","publishedAfter_delay":"24","publishedAfter_bool":"default","publishedAfter":"","publishedBefore_bool":"default","publishedBefore":"","havingViews":"","havingLikes":"","videoQuality":"any","videoBroadcast":"any","videoDuration":"any","postContent":"default","plugin_version":"1.9.30","searchTerm_yt":"","searchContextType_yt":"everywhere","searchContextChannel_yt":"","regionCode_yt":"","playlistId_yt":"","playlistIds_yt":"","channelId_yt":"","channelIds_yt":"","videoType_yt":"all","videoIds_yt":"","searchTerm_vo":"space+earth","groupId_vo":"","channelId_vo":"","userId_vo":"","videoId_vo":"","searchTerm_dm":"","regionCode_dm":"","playlistId_dm":"","channelId_dm":"","videoId_dm":"","sourceAuthor":"1","sourceDate":"2020-06-10 03:05:30","id":"11","scheduleDay":"monday","scheduleTime":"04H00","scheduleDate":"","folders":[]}},"version":"1.9.30","type":"sources"}