{"data":{"18":{"type":"channel_dm","name":"Dailymotion - Channel","service":"dailymotion","postType":"wpvr_video","status":"off","era":0,"wantedVideos":"12","wantedVideosBool":"custom","orderVideos":"relevance","onlyNewVideos":"on","getVideoStats":"off","getVideoTags":"off","autoPublish":"","postStatus":"draft","skipUnwanted":"both","startTime":"","endTime":"","hidePlayerRelated":"on","hidePlayerTitle":"on","hidePlayerAnnotations":"on","downloadThumb":"on","postAppend":"off","appendCustomText":"","count_test":"1","count_run":"0","count_success":"4","count_fail":0,"count_imported":"0","postCatsSlug":[],"postCats":null,"postAuthor":"1","postDate":"new","postTagsBool":"disabled","postTags":[],"schedule":"hourly","publishedAfter_delay":"24","publishedAfter_bool":"default","publishedAfter":"","publishedBefore_bool":"default","publishedBefore":"","havingViews":"","havingLikes":"","videoQuality":"any","videoBroadcast":"any","videoDuration":"any","postContent":"default","plugin_version":"1.9.30","searchTerm_yt":"","searchContextType_yt":"everywhere","searchContextChannel_yt":"","regionCode_yt":"","playlistId_yt":"","playlistIds_yt":"","channelId_yt":"","channelIds_yt":"","videoType_yt":"all","videoIds_yt":"","searchTerm_vo":"","groupId_vo":"","channelId_vo":"","userId_vo":"","videoId_vo":"","searchTerm_dm":"earth+space","regionCode_dm":"FR","playlistId_dm":"x2plm4","channelId_dm":"Zycopolis","videoId_dm":"","sourceAuthor":"1","sourceDate":"2020-06-10 03:21:46","id":"18","scheduleDay":"monday","scheduleTime":"04H00","scheduleDate":"","folders":[]},"17":{"type":"playlist_dm","name":"Dailymotion - Playlist","service":"dailymotion","postType":"wpvr_video","status":"off","era":0,"wantedVideos":"12","wantedVideosBool":"custom","orderVideos":"relevance","onlyNewVideos":"on","getVideoStats":"off","getVideoTags":"off","autoPublish":"","postStatus":"draft","skipUnwanted":"both","startTime":"","endTime":"","hidePlayerRelated":"on","hidePlayerTitle":"on","hidePlayerAnnotations":"on","downloadThumb":"on","postAppend":"off","appendCustomText":"","count_test":"1","count_run":"0","count_success":"3","count_fail":0,"count_imported":"0","postCatsSlug":[],"postCats":null,"postAuthor":"1","postDate":"new","postTagsBool":"disabled","postTags":[],"schedule":"hourly","publishedAfter_delay":"24","publishedAfter_bool":"default","publishedAfter":"","publishedBefore_bool":"default","publishedBefore":"","havingViews":"","havingLikes":"","videoQuality":"any","videoBroadcast":"any","videoDuration":"any","postContent":"default","plugin_version":"1.9.30","searchTerm_yt":"","searchContextType_yt":"everywhere","searchContextChannel_yt":"","regionCode_yt":"","playlistId_yt":"","playlistIds_yt":"","channelId_yt":"","channelIds_yt":"","videoType_yt":"all","videoIds_yt":"","searchTerm_vo":"","groupId_vo":"","channelId_vo":"","userId_vo":"","videoId_vo":"","searchTerm_dm":"earth+space","regionCode_dm":"FR","playlistId_dm":"x2plm4","channelId_dm":"","videoId_dm":"","sourceAuthor":"1","sourceDate":"2020-06-10 03:21:19","id":"17","scheduleDay":"monday","scheduleTime":"04H00","scheduleDate":"","folders":[]},"16":{"type":"search_dm","name":"Dailymotion - Search","service":"dailymotion","postType":"wpvr_video","status":"off","era":0,"wantedVideos":"12","wantedVideosBool":"custom","orderVideos":"relevance","onlyNewVideos":"on","getVideoStats":"off","getVideoTags":"off","autoPublish":"","postStatus":"draft","skipUnwanted":"both","startTime":"","endTime":"","hidePlayerRelated":"on","hidePlayerTitle":"on","hidePlayerAnnotations":"on","downloadThumb":"on","postAppend":"off","appendCustomText":"","count_test":"1","count_run":"0","count_success":"2","count_fail":0,"count_imported":"0","postCatsSlug":[],"postCats":null,"postAuthor":"1","postDate":"new","postTagsBool":"disabled","postTags":[],"schedule":"hourly","publishedAfter_delay":"24","publishedAfter_bool":"default","publishedAfter":"","publishedBefore_bool":"default","publishedBefore":"","havingViews":"","havingLikes":"","videoQuality":"any","videoBroadcast":"any","videoDuration":"any","postContent":"default","plugin_version":"1.9.30","searchTerm_yt":"","searchContextType_yt":"everywhere","searchContextChannel_yt":"","regionCode_yt":"","playlistId_yt":"","playlistIds_yt":"","channelId_yt":"","channelIds_yt":"","videoType_yt":"all","videoIds_yt":"","searchTerm_vo":"","groupId_vo":"","channelId_vo":"","userId_vo":"","videoId_vo":"","searchTerm_dm":"earth+space","regionCode_dm":"FR","playlistId_dm":"","channelId_dm":"","videoId_dm":"","sourceAuthor":"1","sourceDate":"2020-06-10 03:20:50","id":"16","scheduleDay":"monday","scheduleTime":"04H00","scheduleDate":"","folders":[]},"15":{"type":"trends_dm","name":"Dailymotion - France","service":"dailymotion","postType":"wpvr_video","status":"off","era":0,"wantedVideos":"12","wantedVideosBool":"custom","orderVideos":"relevance","onlyNewVideos":"on","getVideoStats":"off","getVideoTags":"off","autoPublish":"","postStatus":"draft","skipUnwanted":"both","startTime":"","endTime":"","hidePlayerRelated":"on","hidePlayerTitle":"on","hidePlayerAnnotations":"on","downloadThumb":"on","postAppend":"off","appendCustomText":"","count_test":"1","count_run":0,"count_success":"1","count_fail":0,"count_imported":0,"postCatsSlug":[],"postCats":null,"postAuthor":"1","postDate":"new","postTagsBool":"disabled","postTags":[],"schedule":"hourly","publishedAfter_delay":"24","publishedAfter_bool":"default","publishedAfter":"","publishedBefore_bool":"default","publishedBefore":"","havingViews":"","havingLikes":"","videoQuality":"any","videoBroadcast":"any","videoDuration":"any","postContent":"default","plugin_version":"1.9.30","searchTerm_yt":"","searchContextType_yt":"everywhere","searchContextChannel_yt":"","regionCode_yt":"","playlistId_yt":"","playlistIds_yt":"","channelId_yt":"","channelIds_yt":"","videoType_yt":"all","videoIds_yt":"","searchTerm_vo":"","groupId_vo":"","channelId_vo":"","userId_vo":"","videoId_vo":"","searchTerm_dm":"","regionCode_dm":"FR","playlistId_dm":"","channelId_dm":"","videoId_dm":"","sourceAuthor":"1","sourceDate":"2020-06-10 03:20:33","id":"15","scheduleDay":"monday","scheduleTime":"04H00","scheduleDate":"","folders":[]}},"version":"1.9.30","type":"sources"}