{"data":{"9":{"type":"playlist_yt","name":"YouTube - Playlist","service":"youtube","postType":"wpvr_video","status":"off","era":0,"wantedVideos":"12","wantedVideosBool":"custom","orderVideos":"relevance","onlyNewVideos":"on","getVideoStats":"off","getVideoTags":"off","autoPublish":"","postStatus":"draft","skipUnwanted":"both","startTime":"","endTime":"","hidePlayerRelated":"on","hidePlayerTitle":"on","hidePlayerAnnotations":"on","downloadThumb":"on","postAppend":"off","appendCustomText":"","count_test":"1","count_run":"0","count_success":"6","count_fail":0,"count_imported":"0","postCatsSlug":[],"postCats":null,"postAuthor":"1","postDate":"new","postTagsBool":"disabled","postTags":[],"schedule":"hourly","publishedAfter_delay":"24","publishedAfter_bool":"default","publishedAfter":"","publishedBefore_bool":"default","publishedBefore":"","havingViews":"","havingLikes":"","videoQuality":"any","videoBroadcast":"any","videoDuration":"any","postContent":"default","plugin_version":"1.9.30","searchTerm_yt":"space+earth","searchContextType_yt":"everywhere","searchContextChannel_yt":"","regionCode_yt":"GB","playlistId_yt":"","playlistIds_yt":"PLIqpKQ_TJ_bAeS1-WVAwWZs602ny6fvSk","channelId_yt":"","channelIds_yt":"","videoType_yt":"all","videoIds_yt":"","searchTerm_vo":"","groupId_vo":"","channelId_vo":"","userId_vo":"","videoId_vo":"","searchTerm_dm":"","regionCode_dm":"","playlistId_dm":"","channelId_dm":"","videoId_dm":"","sourceAuthor":"1","sourceDate":"2020-06-10 03:01:46","id":"9","scheduleDay":"monday","scheduleTime":"04H00","scheduleDate":"","folders":[]},"8":{"type":"trends_yt","name":"YouTube - Trends","service":"youtube","postType":"wpvr_video","status":"off","era":0,"wantedVideos":"12","wantedVideosBool":"custom","orderVideos":"relevance","onlyNewVideos":"on","getVideoStats":"off","getVideoTags":"off","autoPublish":"","postStatus":"draft","skipUnwanted":"both","startTime":"","endTime":"","hidePlayerRelated":"on","hidePlayerTitle":"on","hidePlayerAnnotations":"on","downloadThumb":"on","postAppend":"off","appendCustomText":"","count_test":"1","count_run":"0","count_success":"5","count_fail":0,"count_imported":"0","postCatsSlug":[],"postCats":null,"postAuthor":"1","postDate":"new","postTagsBool":"disabled","postTags":[],"schedule":"hourly","publishedAfter_delay":"24","publishedAfter_bool":"default","publishedAfter":"","publishedBefore_bool":"default","publishedBefore":"","havingViews":"","havingLikes":"","videoQuality":"any","videoBroadcast":"any","videoDuration":"any","postContent":"default","plugin_version":"1.9.30","searchTerm_yt":"space+earth","searchContextType_yt":"everywhere","searchContextChannel_yt":"","regionCode_yt":"GB","playlistId_yt":"","playlistIds_yt":"","channelId_yt":"","channelIds_yt":"","videoType_yt":"all","videoIds_yt":"","searchTerm_vo":"","groupId_vo":"","channelId_vo":"","userId_vo":"","videoId_vo":"","searchTerm_dm":"","regionCode_dm":"","playlistId_dm":"","channelId_dm":"","videoId_dm":"","sourceAuthor":"1","sourceDate":"2020-06-10 03:00:13","id":"8","scheduleDay":"monday","scheduleTime":"04H00","scheduleDate":"","folders":[]},"7":{"type":"search_yt","name":"YouTube - Search","service":"youtube","postType":"wpvr_video","status":"off","era":0,"wantedVideos":"12","wantedVideosBool":"custom","orderVideos":"relevance","onlyNewVideos":"on","getVideoStats":"off","getVideoTags":"off","autoPublish":"","postStatus":"draft","skipUnwanted":"both","startTime":"","endTime":"","hidePlayerRelated":"on","hidePlayerTitle":"on","hidePlayerAnnotations":"on","downloadThumb":"on","postAppend":"off","appendCustomText":"","count_test":"3","count_run":"0","count_success":"4","count_fail":0,"count_imported":"0","postCatsSlug":[],"postCats":null,"postAuthor":"1","postDate":"new","postTagsBool":"disabled","postTags":[],"schedule":"hourly","publishedAfter_delay":"24","publishedAfter_bool":"default","publishedAfter":"","publishedBefore_bool":"default","publishedBefore":"","havingViews":"","havingLikes":"","videoQuality":"any","videoBroadcast":"any","videoDuration":"any","postContent":"default","plugin_version":"1.9.30","searchTerm_yt":"space+earth","searchContextType_yt":"everywhere","searchContextChannel_yt":"","regionCode_yt":"","playlistId_yt":"","playlistIds_yt":"","channelId_yt":"","channelIds_yt":"","videoType_yt":"all","videoIds_yt":"","searchTerm_vo":"","groupId_vo":"","channelId_vo":"","userId_vo":"","videoId_vo":"","searchTerm_dm":"","regionCode_dm":"","playlistId_dm":"","channelId_dm":"","videoId_dm":"","sourceAuthor":"1","sourceDate":"2020-06-10 02:57:52","id":"7","scheduleDay":"monday","scheduleTime":"04H00","scheduleDate":"","folders":[]},"6":{"type":"channel_yt","name":"YouTube - Channel","service":"youtube","postType":"wpvr_video","status":"off","era":0,"wantedVideos":"12","wantedVideosBool":"custom","orderVideos":"relevance","onlyNewVideos":"on","getVideoStats":"off","getVideoTags":"off","autoPublish":"","postStatus":"draft","skipUnwanted":"both","startTime":"","endTime":"","hidePlayerRelated":"on","hidePlayerTitle":"on","hidePlayerAnnotations":"on","downloadThumb":"on","postAppend":"off","appendCustomText":"","count_test":"1","count_run":0,"count_success":"1","count_fail":0,"count_imported":0,"postCatsSlug":[],"postCats":null,"postAuthor":"1","postDate":"new","postTagsBool":"disabled","postTags":[],"schedule":"hourly","publishedAfter_delay":"24","publishedAfter_bool":"default","publishedAfter":"","publishedBefore_bool":"default","publishedBefore":"","havingViews":"","havingLikes":"","videoQuality":"any","videoBroadcast":"any","videoDuration":"any","postContent":"default","plugin_version":"1.9.30","searchTerm_yt":"","searchContextType_yt":"everywhere","searchContextChannel_yt":"","regionCode_yt":"","playlistId_yt":"","playlistIds_yt":"","channelId_yt":"","channelIds_yt":"UCi8e0iOVk1fEOogdfu4YgfA","videoType_yt":"all","videoIds_yt":"","searchTerm_vo":"","groupId_vo":"","channelId_vo":"","userId_vo":"","videoId_vo":"","searchTerm_dm":"","regionCode_dm":"","playlistId_dm":"","channelId_dm":"","videoId_dm":"","sourceAuthor":"1","sourceDate":"2020-06-10 02:56:31","id":"6","scheduleDay":"monday","scheduleTime":"04H00","scheduleDate":"","folders":[]}},"version":"1.9.30","type":"sources"}